ja,en,fil-PH,pt,es,pt-BR,zh,ko,fr,hi,th,vi,my,ne,bn,id,ta,si,mn,ar,fa,tr,ru,ur,km,lo,ms,de,hu,cs,pl,nl,da,fi,sv,lb,af,fr-CA
翻訳サイネージ,Multilingual translation system,Multilingual translation system,Multilingual translation system,Multilingual translation system,Multilingual translation system,Multilingual translation system,Multilingual translation system,Multilingual translation system,Multilingual translation system,Multilingual translation system,Multilingual translation system,Multilingual translation system,Multilingual translation system,Multilingual translation system,Multilingual translation system,Multilingual translation system,Multilingual translation system,Multilingual translation system,Multilingual translation system,Multilingual translation system,Multilingual translation system,Multilingual translation system,Multilingual translation system,Multilingual translation system,Multilingual translation system,Multilingual translation system,Multilingual translation system,Multilingual translation system,Multilingual translation system,Multilingual translation system,Multilingual translation system,Multilingual translation system,Multilingual translation system,Multilingual translation system,Multilingual translation system,Multilingual translation system,Multilingual translation system
技能実習,Technical Intern Training,,,,,,,,,,,,,,Pemagangan keterampilan,,,,,,,,,,,,,,,,,,,,,Vaardigheidsinternskap,
技能実習生,Technical Intern Trainee,,,,,,,,,,,,,,Pemagang keterampilan,,,,,,,,,,,,,,,,,,,,,Vaardigheidsintern,
工場,Factory,,,,,,,,,,,,,,Pabrik,,,,,,,,,,,,,,,,,,,,,Fabriek,
製造,Manufacturing,,,,,,,,,,,,,,Manufaktur,,,,,,,,,,,,,,,,,,,,,Vervaardiging,
機械,Machine,,,,,,,,,,,,,,Mesin,,,,,,,,,,,,,,,,,,,,,Masjien,
安全,Safety,,,,,,,,,,,,,,Keselamatan,,,,,,,,,,,,,,,,,,,,,Veiligheid,
危険（な）,Hazardous / Dangerous,,,,,,,,,,,,,,Berbahaya,,,,,,,,,,,,,,,,,,,,,Gevaarlik,
危ない,Dangerous,,,,,,,,,,,,,,Berbahaya,,,,,,,,,,,,,,,,,,,,,Gevaarlik / Riskant,
清掃,Cleaning,,,,,,,,,,,,,,Pembersihan,,,,,,,,,,,,,,,,,,,,,Skoonmaak,
非常口,Emergency Exit,,,,,,,,,,,,,,Pintu darurat,,,,,,,,,,,,,,,,,,,,,Nooduitgang,
注意,Caution,,,,,,,,,,,,,,Perhatian,,,,,,,,,,,,,,,,,,,,,Let op / Waarskuwing,
火事,Fire,,,,,,,,,,,,,,Kebakaran,,,,,,,,,,,,,,,,,,,,,Brand,
事故,Accident,,,,,,,,,,,,,,Kecelakaan,,,,,,,,,,,,,,,,,,,,,Ongeluk,
服装,Attire / Clothing,,,,,,,,,,,,,,Pakaian,,,,,,,,,,,,,,,,,,,,,Kleredrag,
安全装置,Safety Device,,,,,,,,,,,,,,Perangkat keselamatan,,,,,,,,,,,,,,,,,,,,,Veiligheidstoestel,
安全カバー,Safety Cover / Guard,,,,,,,,,,,,,,Penutup pengaman,,,,,,,,,,,,,,,,,,,,,Veiligheidsbedekking / Beskermkap,
けが,Injury,,,,,,,,,,,,,,Cedera,,,,,,,,,,,,,,,,,,,,,Besering,
けがをする,Get injured,,,,,,,,,,,,,,Terluka,,,,,,,,,,,,,,,,,,,,,Beseer raak,
電源,Power supply,,,,,,,,,,,,,,Sumber daya listrik,,,,,,,,,,,,,,,,,,,,,Kragtoevoer,
電源を切る,Turn off the power,,,,,,,,,,,,,,Matikan daya,,,,,,,,,,,,,,,,,,,,,Skakel die krag af,
非常停止ボタン,Emergency Stop Button,,,,,,,,,,,,,,Tombol berhenti darurat,,,,,,,,,,,,,,,,,,,,,Noodstopknop,
非常停止ボタンを押す,Press the emergency stop button,,,,,,,,,,,,,,Tekan tombol berhenti darurat,,,,,,,,,,,,,,,,,,,,,Druk die noodstopknop,
ルール,Rule(s),,,,,,,,,,,,,,Aturan,,,,,,,,,,,,,,,,,,,,,Reëls,
ルールを守る,Follow the rules,,,,,,,,,,,,,,Patuhi aturan,,,,,,,,,,,,,,,,,,,,,Volg die reëls,
止める,Stop,,,,,,,,,,,,,,Menghentikan,,,,,,,,,,,,,,,,,,,,,Stop,
機械を止める,Stop the machine,,,,,,,,,,,,,,Menghentikan mesin,,,,,,,,,,,,,,,,,,,,,Stop die masjien,
やって,Do it / Go ahead,,,,,,,,,,,,,,Lakukan,,,,,,,,,,,,,,,,,,,,,Doen dit,
止めて,Stop it,,,,,,,,,,,,,,Hentikan,,,,,,,,,,,,,,,,,,,,,Hou op / Stop dit,
取って,Fetch / Bring / Take,,,,,,,,,,,,,,Ambil,,,,,,,,,,,,,,,,,,,,,Neem dit / Bring dit,
だめ（な）,Not allowed / No good,,,,,,,,,,,,,,Tidak boleh,,,,,,,,,,,,,,,,,,,,,Verbode / Nie toelaatbaar nie,
監理団体,Supervising Organization,,,,,,,,,,,,,,Organisasi pengawas,,,,,,,,,,,,,,,,,,,,,Toesighoudende organisasie,
技術移転,Technology Transfer,,,,,,,,,,,,,,Alih teknologi,,,,,,,,,,,,,,,,,,,,,Tegnologie-oordrag,
技能実習期間,Technical Intern Training Period,,,,,,,,,,,,,,Masa magang keterampilan,,,,,,,,,,,,,,,,,,,,,Internskaptydperk,
職種,Job Category / Occupation,,,,,,,,,,,,,,Jenis pekerjaan,,,,,,,,,,,,,,,,,,,,,Beroep / Poskategorie,
在留資格,Status of Residence,,,,,,,,,,,,,,Status izin tinggal,,,,,,,,,,,,,,,,,,,,,Verblyfstatus,
パスポート,Passport,,,,,,,,,,,,,,Paspor,,,,,,,,,,,,,,,,,,,,,Paspoort,
在留カード,Residence Card,,,,,,,,,,,,,,Kartu izin tinggal,,,,,,,,,,,,,,,,,,,,,Verblyfkaart,
入管,Immigration (Services),,,,,,,,,,,,,,Imigrasi,,,,,,,,,,,,,,,,,,,,,Immigrasie,
在留期間,Period of Stay,,,,,,,,,,,,,,Masa tinggal,,,,,,,,,,,,,,,,,,,,,Verblyftermyn,
雇用契約,Employment Contract,,,,,,,,,,,,,,Kontrak kerja,,,,,,,,,,,,,,,,,,,,,Dienskontrak,
給与明細,Pay Slip / Payroll Statement,,,,,,,,,,,,,,Slip gaji,,,,,,,,,,,,,,,,,,,,,Betaalstrokie,
給料,Salary / Wages,,,,,,,,,,,,,,Gaji,,,,,,,,,,,,,,,,,,,,,Salaris / Loon,
残業手当,Overtime Allowance / Overtime Pay,,,,,,,,,,,,,,Tunjangan lembur,,,,,,,,,,,,,,,,,,,,,Oortydbetaling / Oortydtoelae,
労働時間,Working Hours,,,,,,,,,,,,,,Jam kerja,,,,,,,,,,,,,,,,,,,,,Werksure,
控除（する）,Deduction / Deduct,,,,,,,,,,,,,,Pemotongan,,,,,,,,,,,,,,,,,,,,,Aftrekking,
ボーナス,Bonus,,,,,,,,,,,,,,Bonus,,,,,,,,,,,,,,,,,,,,,Bonus,
有休,Paid Leave,,,,,,,,,,,,,,Cuti berbayar,,,,,,,,,,,,,,,,,,,,,Betaalde verlof,
代休,Substitute Holiday / Compensatory Day Off,,,,,,,,,,,,,,Cuti pengganti,,,,,,,,,,,,,,,,,,,,,Vergoedingsverlof / Vervangingsverlof,
労働基準法,Labor Standards Act,,,,,,,,,,,,,,Undang-Undang Standar Ketenagakerjaan,,,,,,,,,,,,,,,,,,,,,Wet op Basiese Diensvoorwaardes（SA）,
労働条件,Working Conditions,,,,,,,,,,,,,,Kondisi kerja,,,,,,,,,,,,,,,,,,,,,Arbeidsvoorwaardes,
税金,Tax(es),,,,,,,,,,,,,,Pajak,,,,,,,,,,,,,,,,,,,,,Belasting,
所得税,Income Tax,,,,,,,,,,,,,,Pajak penghasilan,,,,,,,,,,,,,,,,,,,,,Inkomstebelasting,
住民税,Resident Tax,,,,,,,,,,,,,,Pajak penduduk,,,,,,,,,,,,,,,,,,,,,Munisipale belasting,
厚生年金,Employees’ Pension Insurance,,,,,,,,,,,,,,Pensiun karyawan (Kosei Nenkin),,,,,,,,,,,,,,,,,,,,,Werknemerspensioenversekering,
雇用保険,Employment Insurance,,,,,,,,,,,,,,Asuransi ketenagakerjaan,,,,,,,,,,,,,,,,,,,,,Werkloosheidsversekering,
健康保険,Health Insurance,,,,,,,,,,,,,,Asuransi kesehatan,,,,,,,,,,,,,,,,,,,,,Gesondheidsversekering,
社会保険,Social Insurance,,,,,,,,,,,,,,Asuransi sosial,,,,,,,,,,,,,,,,,,,,,Maatskaplike versekering,
労災,Industrial Accident,,,,,,,,,,,,,,Kecelakaan kerja,,,,,,,,,,,,,,,,,,,,,Bedryfsongeval,
労災保険,Workers’ Accident Compensation Insurance,,,,,,,,,,,,,,Asuransi kecelakaan kerja,,,,,,,,,,,,,,,,,,,,,Vergoeding vir beroepsbeserings,
遅刻（する）,Late arrival / Be late,,,,,,,,,,,,,,Terlambat,,,,,,,,,,,,,,,,,,,,,Te laat kom,
早退（する）,Leave early,,,,,,,,,,,,,,Pulang lebih awal,,,,,,,,,,,,,,,,,,,,,Vroeg vertrek,
休憩（する）,Break / Take a break,,,,,,,,,,,,,,Istirahat,,,,,,,,,,,,,,,,,,,,,Pouse neem,
残業（する）,Overtime / Work overtime,,,,,,,,,,,,,,Lembur,,,,,,,,,,,,,,,,,,,,,Oortyd werk,
定時,Fixed working hours / Regular time,,,,,,,,,,,,,,Jam kerja reguler,,,,,,,,,,,,,,,,,,,,,Vaste werksure,
規則,Regulations / Rules,,,,,,,,,,,,,,Peraturan,,,,,,,,,,,,,,,,,,,,,Regulasies / Reëls,
休日,Day off / Holiday,,,,,,,,,,,,,,Hari libur,,,,,,,,,,,,,,,,,,,,,Vrye dag / Rusdag,
始業時間,Starting Time,,,,,,,,,,,,,,Jam mulai kerja,,,,,,,,,,,,,,,,,,,,,Aanvangstyd,
終業時間,Finishing Time,,,,,,,,,,,,,,Jam selesai kerja,,,,,,,,,,,,,,,,,,,,,Eindtyd,
指導員,Instructor / Supervisor,,,,,,,,,,,,,,Instruktur,,,,,,,,,,,,,,,,,,,,,Instrukteur,
生活指導員,Life Guidance Staff,,,,,,,,,,,,,,Pembina kehidupan,,,,,,,,,,,,,,,,,,,,,Lewensbegeleier,
担当者,Person in Charge,,,,,,,,,,,,,,Penanggung jawab,,,,,,,,,,,,,,,,,,,,,Verantwoordelike persoon,
スイッチ入れるな,Do NOT turn on the switch,,,,,,,,,,,,,,Jangan hidupkan sakelar,,,,,,,,,,,,,,,,,,,,,Moenie die skakelaar aansit nie,
スイッチ切るな,Do NOT turn off the switch,,,,,,,,,,,,,,Jangan matikan sakelar,,,,,,,,,,,,,,,,,,,,,Moenie die skakelaar afsit nie,
使用禁止,Do Not Use / Use Prohibited,,,,,,,,,,,,,,Dilarang digunakan,,,,,,,,,,,,,,,,,,,,,Gebruik verbode,
5S,5S (Sort–Set in order–Shine–Standardize–Sustain),,,,,,,,,,,,,,5S,,,,,,,,,,,,,,,,,,,,,5S,
整理,Sort,,,,,,,,,,,,,,Sortir (Seiri),,,,,,,,,,,,,,,,,,,,,Sortering（Seiri）,
整頓,Set in Order,,,,,,,,,,,,,,Penataan (Seiton),,,,,,,,,,,,,,,,,,,,,Ordening（Seiton）,
清掃,Shine / Clean,,,,,,,,,,,,,,Pembersihan (Seiso),,,,,,,,,,,,,,,,,,,,,Skoonmaak（Seiso）,
清潔,Cleanliness,,,,,,,,,,,,,,Kebersihan (Seiketsu),,,,,,,,,,,,,,,,,,,,,Netheid / Higiëne（Seiketsu）,
しつけ,Sustain / Discipline,,,,,,,,,,,,,,Disiplin (Shitsuke),,,,,,,,,,,,,,,,,,,,,Dissipline（Shitsuke）,
掃除（する）,Clean / Cleaning,,,,,,,,,,,,,,Membersihkan,,,,,,,,,,,,,,,,,,,,,Skoonmaak,
片づける,Tidy up / Put away,,,,,,,,,,,,,,Merapikan,,,,,,,,,,,,,,,,,,,,,Opruim / Netjies maak,
捨てる,Discard / Throw away,,,,,,,,,,,,,,Membuang,,,,,,,,,,,,,,,,,,,,,Weggooi,
汚い,Dirty,,,,,,,,,,,,,,Kotor,,,,,,,,,,,,,,,,,,,,,Vuil,
汚れる,Get dirty,,,,,,,,,,,,,,Menjadi kotor,,,,,,,,,,,,,,,,,,,,,Vuil word,
分別（する）,Sort (waste),,,,,,,,,,,,,,Memilah (sampah),,,,,,,,,,,,,,,,,,,,,Afval sorteer,
燃えないごみ,Non-burnable Waste,,,,,,,,,,,,,,Sampah tidak terbakar,,,,,,,,,,,,,,,,,,,,,Onbrandbare afval,
燃えるごみ,Burnable Waste,,,,,,,,,,,,,,Sampah mudah terbakar,,,,,,,,,,,,,,,,,,,,,Brandbare afval,
挟まれる,Get caught (in/between),,,,,,,,,,,,,,Terjepit,,,,,,,,,,,,,,,,,,,,,Vasgeklem raak,
巻き込まれる,Get entangled / Caught in,,,,,,,,,,,,,,Tertarik masuk / Terbelit,,,,,,,,,,,,,,,,,,,,,Verstrengel / Ingetrek word,
やけど（する）,Burn (injury) / Get burned,,,,,,,,,,,,,,Luka bakar / Terbakar,,,,,,,,,,,,,,,,,,,,,Brandwond kry,
落ちる,Fall,,,,,,,,,,,,,,Jatuh,,,,,,,,,,,,,,,,,,,,,Val,
すべる,Slip,,,,,,,,,,,,,,Tergelincir,,,,,,,,,,,,,,,,,,,,,Gly,
転ぶ,Fall down,,,,,,,,,,,,,,Terjatuh,,,,,,,,,,,,,,,,,,,,,Struikel en val,
濡れる,Get wet,,,,,,,,,,,,,,Basah,,,,,,,,,,,,,,,,,,,,,Nat word,
衛生,Hygiene,,,,,,,,,,,,,,Higiene,,,,,,,,,,,,,,,,,,,,,Higiëne,
避難（する）,Evacuate / Evacuation,,,,,,,,,,,,,,Evakuasi,,,,,,,,,,,,,,,,,,,,,Ontruim,
救   車,Ambulance,,,,,,,,,,,,,,Ambulans,,,,,,,,,,,,,,,,,,,,,Ambulans,
災害,Disaster,,,,,,,,,,,,,,Bencana,,,,,,,,,,,,,,,,,,,,,Ramp,
地震,Earthquake,,,,,,,,,,,,,,Gempa bumi,,,,,,,,,,,,,,,,,,,,,Aardbewing,
もぐる,Duck under / Crawl under,,,,,,,,,,,,,,Berlindung di bawah,,,,,,,,,,,,,,,,,,,,,Skuil / Kruip onder,
火気厳禁,No Open Flames,,,,,,,,,,,,,,Dilarang menyalakan api,,,,,,,,,,,,,,,,,,,,,Geen oop vlamme,
開放厳禁,Keep Closed / Do Not Open,,,,,,,,,,,,,,Dilarang dibuka,,,,,,,,,,,,,,,,,,,,,Moenie oopmaak nie,
標識,Sign / Signage,,,,,,,,,,,,,,Rambu / Tanda,,,,,,,,,,,,,,,,,,,,,Tekens / Rambuise,
気をつける,Be careful / Take care,,,,,,,,,,,,,,Hati-hati,,,,,,,,,,,,,,,,,,,,,Wees versigtig,
持ち込む,Bring in,,,,,,,,,,,,,,Membawa masuk,,,,,,,,,,,,,,,,,,,,,Inbring,
防ぐ,Prevent,,,,,,,,,,,,,,Mencegah,,,,,,,,,,,,,,,,,,,,,Voorkom,
火,Fire (flame),,,,,,,,,,,,,,Api,,,,,,,,,,,,,,,,,,,,,Vuur,
煙,Smoke,,,,,,,,,,,,,,Asap,,,,,,,,,,,,,,,,,,,,,Rook,
消火,Extinguish fire / Firefighting,,,,,,,,,,,,,,Pemadaman api,,,,,,,,,,,,,,,,,,,,,Brandblus,
消火器,Fire Extinguisher,,,,,,,,,,,,,,Alat pemadam api (APAR),,,,,,,,,,,,,,,,,,,,,Brandblusser,
非常ベル,Alarm Bell,,,,,,,,,,,,,,Bel darurat,,,,,,,,,,,,,,,,,,,,,Alarmklok / Noodbel,
火災報知機,Fire Alarm,,,,,,,,,,,,,,Alarm kebakaran,,,,,,,,,,,,,,,,,,,,,Brandalarm,
逃げる,Escape / Run away,,,,,,,,,,,,,,Menyelamatkan diri,,,,,,,,,,,,,,,,,,,,,Vlug / Ontsnap,
現場,Worksite / Site,,,,,,,,,,,,,,Lokasi kerja,,,,,,,,,,,,,,,,,,,,,Werkplek / Terrein,
作業,Work / Task,,,,,,,,,,,,,,Pekerjaan,,,,,,,,,,,,,,,,,,,,,Werk / Taak,
ミーティング,Meeting,,,,,,,,,,,,,,Rapat,,,,,,,,,,,,,,,,,,,,,Vergadering,
研修（する）,Training / Train,,,,,,,,,,,,,,Pelatihan,,,,,,,,,,,,,,,,,,,,,Opleiding,
実習（する）,Practical training / Practice,,,,,,,,,,,,,,Praktik,,,,,,,,,,,,,,,,,,,,,Praktiese opleiding,
あいさつ,Greeting,,,,,,,,,,,,,,Salam,,,,,,,,,,,,,,,,,,,,,Groet,
確認（する）,Check / Confirm,,,,,,,,,,,,,,Konfirmasi / Memeriksa,,,,,,,,,,,,,,,,,,,,,Bevestig / Nagaan,
報告（する）,Report,,,,,,,,,,,,,,Melaporkan,,,,,,,,,,,,,,,,,,,,,Rapporteer,
連絡（する）,Contact / Notify,,,,,,,,,,,,,,Menghubungi,,,,,,,,,,,,,,,,,,,,,Kontak,
相談（する）,Consult,,,,,,,,,,,,,,Berkonsultasi,,,,,,,,,,,,,,,,,,,,,Raadpleeg,
渡す,Hand over / Give,,,,,,,,,,,,,,Menyerahkan,,,,,,,,,,,,,,,,,,,,,Oorhandig,
申請書,Application Form,,,,,,,,,,,,,,Formulir permohonan,,,,,,,,,,,,,,,,,,,,,Aansoekvorm,
寝坊（する）,Over sleep,,,,,,,,,,,,,,Bangun kesiangan,,,,,,,,,,,,,,,,,,,,,Verslaap,
技能,Skill(s),,,,,,,,,,,,,,Keterampilan,,,,,,,,,,,,,,,,,,,,,Vaardigheid,
技能検定試験,Skills Test / Trade Test,,,,,,,,,,,,,,Ujian sertifikasi keterampilan,,,,,,,,,,,,,,,,,,,,,Vaardigheidstoets,
受検（する）,Take an exam/test,,,,,,,,,,,,,,Mengikuti ujian,,,,,,,,,,,,,,,,,,,,,Eksamen aflê,
資格,Qualification / Certificate,,,,,,,,,,,,,,Kualifikasi / Sertifikat,,,,,,,,,,,,,,,,,,,,,Kwalifikasie / Sertifikaat,
手当,Allowance,,,,,,,,,,,,,,Tunjangan,,,,,,,,,,,,,,,,,,,,,Toelae,
社員,Employee,,,,,,,,,,,,,,Karyawan,,,,,,,,,,,,,,,,,,,,,Werknemer,
部長,General Manager / Department Manager,,,,,,,,,,,,,,Manajer departemen,,,,,,,,,,,,,,,,,,,,,Afdelingsbestuurder,
課長,Section Manager,,,,,,,,,,,,,,Kepala seksi (Section Manager),,,,,,,,,,,,,,,,,,,,,Afdelingshoof / Seksiehoof,
更衣室,Changing Room / Locker Room,,,,,,,,,,,,,,Ruang ganti,,,,,,,,,,,,,,,,,,,,,Kleedkamer,
台車,Hand Cart / Dolly,,,,,,,,,,,,,,Troli,,,,,,,,,,,,,,,,,,,,,Trollie,
床,Floor,,,,,,,,,,,,,,Lantai,,,,,,,,,,,,,,,,,,,,,Vloer,
出口,Exit,,,,,,,,,,,,,,Pintu keluar,,,,,,,,,,,,,,,,,,,,,Uitgang,
電気,Electricity / Power,,,,,,,,,,,,,,Listrik,,,,,,,,,,,,,,,,,,,,,Elektrisiteit,
警報音,Alarm Sound,,,,,,,,,,,,,,Bunyi alarm,,,,,,,,,,,,,,,,,,,,,Alarmsignaal,
コンセント,Power Outlet / Socket,,,,,,,,,,,,,,Stopkontak,,,,,,,,,,,,,,,,,,,,,Muursok / Kragaansluiting,
作業場,Work Area,,,,,,,,,,,,,,Area kerja,,,,,,,,,,,,,,,,,,,,,Werkarea,
作業台,Workbench / Work Table,,,,,,,,,,,,,,Meja kerja,,,,,,,,,,,,,,,,,,,,,Werkbank,
工事現場,Construction Site,,,,,,,,,,,,,,Lokasi konstruksi,,,,,,,,,,,,,,,,,,,,,Bouperseel,
職長,Foreman,,,,,,,,,,,,,,Mandor,,,,,,,,,,,,,,,,,,,,,Voorman / Mandor,
作業責任者,Work Supervisor / Responsible Person,,,,,,,,,,,,,,Penanggung jawab pekerjaan,,,,,,,,,,,,,,,,,,,,,Werkverantwoordelike / Werksupervisor,
禁止,Prohibited,,,,,,,,,,,,,,Dilarang,,,,,,,,,,,,,,,,,,,,,Verbode,
表示板,Signboard / Display Board,,,,,,,,,,,,,,Papan tanda,,,,,,,,,,,,,,,,,,,,,Kenbord / Aanwyserbord,
禁止事項,Prohibited Matters,,,,,,,,,,,,,,Hal-hal yang dilarang,,,,,,,,,,,,,,,,,,,,,Verbodsbepalings,
避難訓練,Evacuation Drill,,,,,,,,,,,,,,Latihan evakuasi,,,,,,,,,,,,,,,,,,,,,Ontruimingsoefening,
感電（する）,Electric Shock / Get an electric shock,,,,,,,,,,,,,,Tersengat listrik,,,,,,,,,,,,,,,,,,,,,Elektriese skok kry,
防止（する）,Prevention / Prevent,,,,,,,,,,,,,,Pencegahan,,,,,,,,,,,,,,,,,,,,,Voorkoming,
予防（する）,Prevention / Prevent,,,,,,,,,,,,,,Pencegahan,,,,,,,,,,,,,,,,,,,,,Voorkoming / Preventie,
転倒（する）,Fall / Trip,,,,,,,,,,,,,,Tersandung / Terjatuh,,,,,,,,,,,,,,,,,,,,,Omval / Val,
挟まる,Get jammed / Be caught,,,,,,,,,,,,,,Terjepit,,,,,,,,,,,,,,,,,,,,,Vassteek,
足元,Footing / Underfoot,,,,,,,,,,,,,,Area pijakan,,,,,,,,,,,,,,,,,,,,,Voetplek / Onder jou voete,
不安定（な）,Unstable,,,,,,,,,,,,,,Tidak stabil,,,,,,,,,,,,,,,,,,,,,Onstabiel,
後片付け,Cleanup / Clean after work,,,,,,,,,,,,,,Beres-beres akhir,,,,,,,,,,,,,,,,,,,,,Opruim ná werk,
救   箱,First-aid Kit,,,,,,,,,,,,,,Kotak P3K,,,,,,,,,,,,,,,,,,,,,Eerstehulp-kis,
絆創膏,Bandage / Adhesive bandage,,,,,,,,,,,,,,Plester,,,,,,,,,,,,,,,,,,,,,Pleister,
体調,Physical Condition,,,,,,,,,,,,,,Kondisi fisik,,,,,,,,,,,,,,,,,,,,,Liggaamstoestand,
血,Blood,,,,,,,,,,,,,,Darah,,,,,,,,,,,,,,,,,,,,,Bloed,
熱中症,Heatstroke,,,,,,,,,,,,,,Heatstroke (serangan panas),,,,,,,,,,,,,,,,,,,,,Hittesteek,
吐き気,Nausea,,,,,,,,,,,,,,Mual,,,,,,,,,,,,,,,,,,,,,Naarheid,
嘔吐（する）,Vomit / Vomiting,,,,,,,,,,,,,,Muntah,,,,,,,,,,,,,,,,,,,,,Braak,
足がつる,Leg cramp,,,,,,,,,,,,,,Kram kaki,,,,,,,,,,,,,,,,,,,,,Beenkramp,
気分が悪い,Feel sick,,,,,,,,,,,,,,Merasa tidak enak badan,,,,,,,,,,,,,,,,,,,,,Sleg voel,
寝不足,Lack of sleep,,,,,,,,,,,,,,Kurang tidur,,,,,,,,,,,,,,,,,,,,,Slaaptekort,
安全ネット,Safety Net,,,,,,,,,,,,,,Jaring keselamatan,,,,,,,,,,,,,,,,,,,,,Veiligheidsnet,
安全点検,Safety Inspection,,,,,,,,,,,,,,Pemeriksaan keselamatan,,,,,,,,,,,,,,,,,,,,,Veiligheidsinspeksie,
KY活動（危険予知活動）,KY Activity (Hazard Prediction),,,,,,,,,,,,,,Kegiatan KY (Prediksi Bahaya),,,,,,,,,,,,,,,,,,,,,KY-aktiwiteit（Gevaarvoorspelling）,
危険,Danger / Hazard,,,,,,,,,,,,,,Bahaya,,,,,,,,,,,,,,,,,,,,,Gevaar,
ぶつかる,Bump / Collide,,,,,,,,,,,,,,Menabrak / Membentur,,,,,,,,,,,,,,,,,,,,,Bots,
当たる,Hit / Strike,,,,,,,,,,,,,,Terkena / Mengenai,,,,,,,,,,,,,,,,,,,,,Raak / Tref,
下敷きになる,Be pinned under,,,,,,,,,,,,,,Tertimpa,,,,,,,,,,,,,,,,,,,,,Onder iets vasgepen word,
打つ,Hit / Strike,,,,,,,,,,,,,,Memukul,,,,,,,,,,,,,,,,,,,,,Slaan,
バランスを崩す,Lose balance,,,,,,,,,,,,,,Kehilangan keseimbangan,,,,,,,,,,,,,,,,,,,,,Balans verloor,
倒れる,Topple / Collapse,,,,,,,,,,,,,,Tumbang / Roboh,,,,,,,,,,,,,,,,,,,,,Omval / Inmekaar stort,
転落（する）,Fall from height,,,,,,,,,,,,,,Jatuh dari ketinggian,,,,,,,,,,,,,,,,,,,,,Val van hoogte,
指差呼称,Pointing and Calling,,,,,,,,,,,,,,Tunjuk-sebut (Pointing & Calling),,,,,,,,,,,,,,,,,,,,,Wys-en-roep,
ヒヤリハット,Near-miss,,,,,,,,,,,,,,Kejadian nyaris celaka (near-miss),,,,,,,,,,,,,,,,,,,,,Byna-ongeluk（Near miss）,
原因,Cause,,,,,,,,,,,,,,Penyebab,,,,,,,,,,,,,,,,,,,,,Oorsaak,
対策,Countermeasure,,,,,,,,,,,,,,Tindakan penanggulangan,,,,,,,,,,,,,,,,,,,,,Teenmaatreël,
落下（する）,Drop / Fall,,,,,,,,,,,,,,Jatuh,,,,,,,,,,,,,,,,,,,,,Val / Laat val,
墜落（する）,Fall (from height) / Plunge,,,,,,,,,,,,,,Jatuh (dari ketinggian),,,,,,,,,,,,,,,,,,,,,Neerstort / Van hoogte af val,
確認（する）,Confirm / Check,,,,,,,,,,,,,,Memastikan / Konfirmasi,,,,,,,,,,,,,,,,,,,,,Bevestig / Kontroleer,
作業着,Workwear,,,,,,,,,,,,,,Seragam kerja,,,,,,,,,,,,,,,,,,,,,Werkdrag,
作業服,Work clothes,,,,,,,,,,,,,,Pakaian kerja,,,,,,,,,,,,,,,,,,,,,Werkklere,
作業靴,Safety shoes / Work shoes,,,,,,,,,,,,,,Sepatu kerja,,,,,,,,,,,,,,,,,,,,,Werkskoene / Veiligheidsskoene,
手袋,Gloves,,,,,,,,,,,,,,Sarung tangan,,,,,,,,,,,,,,,,,,,,,Handskoene,
帽子,Cap / Hat,,,,,,,,,,,,,,Topi,,,,,,,,,,,,,,,,,,,,,Pet,
保護帽（ヘルメット）,Safety Helmet,,,,,,,,,,,,,,Helm keselamatan,,,,,,,,,,,,,,,,,,,,,Veiligheidshelm,
保護具,PPE (Personal Protective Equipment),,,,,,,,,,,,,,APD (Alat Pelindung Diri),,,,,,,,,,,,,,,,,,,,,Persoonlike beskermende toerusting,
あごひも,Chin strap,,,,,,,,,,,,,,Tali dagu,,,,,,,,,,,,,,,,,,,,,Kinband,
ボタン,Button,,,,,,,,,,,,,,Kancing,,,,,,,,,,,,,,,,,,,,,Knop / Knoppie,
ポケット,Pocket,,,,,,,,,,,,,,Saku,,,,,,,,,,,,,,,,,,,,,Sak,
保護メガネ,Safety Glasses,,,,,,,,,,,,,,Kacamata pelindung,,,,,,,,,,,,,,,,,,,,,Veiligheidsbril,
マスク,Mask / Respirator (context),,,,,,,,,,,,,,Masker,,,,,,,,,,,,,,,,,,,,,Masker,
栓,Plug / Stopper,,,,,,,,,,,,,,Sumbat / Penutup,,,,,,,,,,,,,,,,,,,,,Prop / Stopper,
安全靴,Safety Shoes,,,,,,,,,,,,,,Sepatu keselamatan,,,,,,,,,,,,,,,,,,,,,Veiligheidsskoene,
墜落制止用器具（安全帯）,Fall-Arrest Equipment (Safety Belt/Harness),,,,,,,,,,,,,,Perangkat penahan jatuh (safety harness),,,,,,,,,,,,,,,,,,,,,Valbeveiligingstuig（veiligheidsharnas）,
業務,Business / Duty / Task,,,,,,,,,,,,,,Tugas / Pekerjaan,,,,,,,,,,,,,,,,,,,,,Werk / Diens,
時間厳守,Punctuality / Be on time,,,,,,,,,,,,,,Tepat waktu,,,,,,,,,,,,,,,,,,,,,Stiptheid / Wees op tyd,
予定,Schedule / Plan,,,,,,,,,,,,,,Jadwal / Rencana,,,,,,,,,,,,,,,,,,,,,Skedule / Plan,
日付,Date,,,,,,,,,,,,,,Tanggal,,,,,,,,,,,,,,,,,,,,,Datum,
準備（する）,Preparation / Prepare,,,,,,,,,,,,,,Persiapan / Mempersiapkan,,,,,,,,,,,,,,,,,,,,,Voorbereiding / Voorberei,
会議,Meeting / Conference,,,,,,,,,,,,,,Rapat,,,,,,,,,,,,,,,,,,,,,Vergadering,
朝礼,Morning assembly / Toolbox meeting,,,,,,,,,,,,,,Apel pagi / briefing pagi,,,,,,,,,,,,,,,,,,,,,Oggendbyeenkoms / Oggendbríf,
報告書,Report,,,,,,,,,,,,,,Laporan,,,,,,,,,,,,,,,,,,,,,Verslag,
マニュアル,Manual,,,,,,,,,,,,,,Manual,,,,,,,,,,,,,,,,,,,,,Handleiding,
作業手順書,Work Procedure Manual,,,,,,,,,,,,,,Prosedur kerja (SOP),,,,,,,,,,,,,,,,,,,,,Werkprosedure-handleiding,
調子,Condition / Status,,,,,,,,,,,,,,Kondisi / Performa,,,,,,,,,,,,,,,,,,,,,Toestand,
立入禁止,No Entry,,,,,,,,,,,,,,Dilarang masuk,,,,,,,,,,,,,,,,,,,,,Verbode toegang,
禁煙,No Smoking,,,,,,,,,,,,,,Dilarang merokok,,,,,,,,,,,,,,,,,,,,,Geen rook,
火気厳禁,No Open Flames,,,,,,,,,,,,,,Dilarang menyalakan api,,,,,,,,,,,,,,,,,,,,,Geen oop vlamme,
駐車禁止,No Parking,,,,,,,,,,,,,,Dilarang parkir,,,,,,,,,,,,,,,,,,,,,Geen parkering,
足もと注意,Watch your step,,,,,,,,,,,,,,Hati-hati melangkah,,,,,,,,,,,,,,,,,,,,,Pasop waar jy trap,
開口部注意,Openings—Caution,,,,,,,,,,,,,,Awas bukaan / lubang,,,,,,,,,,,,,,,,,,,,,Pasop vir openinge,
感電注意,Electrical Hazard—Caution,,,,,,,,,,,,,,Awas sengatan listrik,,,,,,,,,,,,,,,,,,,,,Pasop vir elektriese skok,
堕落注意,Fall Hazard—Caution,,,,,,,,,,,,,,Awas jatuh dari ketinggian,,,,,,,,,,,,,,,,,,,,,Pasop vir valgevaar,
頭上注意,Overhead Hazard—Caution,,,,,,,,,,,,,,Awas benda jatuh (di atas),,,,,,,,,,,,,,,,,,,,,Pasop vir gevaar van bo,
警報設備,Alarm System,,,,,,,,,,,,,,Peralatan alarm,,,,,,,,,,,,,,,,,,,,,Alarmsisteem,
消火器,Fire Extinguisher,,,,,,,,,,,,,,Alat pemadam api (APAR),,,,,,,,,,,,,,,,,,,,,Brandblusser,
AED設置場所,AED Location,,,,,,,,,,,,,,Lokasi AED,,,,,,,,,,,,,,,,,,,,,AED-ligging,
保護帽着用,Wear Safety Helmet,,,,,,,,,,,,,,Wajib memakai helm keselamatan,,,,,,,,,,,,,,,,,,,,,Dra ’n veiligheidshelm,
安全帯使用,Use Safety Harness,,,,,,,,,,,,,,Gunakan safety harness,,,,,,,,,,,,,,,,,,,,,Gebruik ’n veiligheidsharnas,
昇降階段,Access Stairs,,,,,,,,,,,,,,Tangga naik-turun,,,,,,,,,,,,,,,,,,,,,Trappe,
休憩所,Rest Area,,,,,,,,,,,,,,Tempat istirahat,,,,,,,,,,,,,,,,,,,,,Rusarea,
最大積載荷重,Maximum Load Capacity,,,,,,,,,,,,,,Kapasitas muatan maksimum,,,,,,,,,,,,,,,,,,,,,Maksimum laaivermoë,
喫煙所,Smoking Area,,,,,,,,,,,,,,Area merokok,,,,,,,,,,,,,,,,,,,,,Rookarea,
整理整頓,Sort & Set in Order,,,,,,,,,,,,,,Kerapian dan penataan,,,,,,,,,,,,,,,,,,,,,Netheid en ordening,
安全通路,Safe Passage / Aisle,,,,,,,,,,,,,,Jalur keselamatan,,,,,,,,,,,,,,,,,,,,,Veilige gang / Gangkorridor,
三連クランプ,Triple Clamp,,,,,,,,,,,,,,Klem tiga sambungan (triple clamp),,,,,,,,,,,,,,,,,,,,,Drievoudige klamp,
"ベルトコンベア
（ベルコン）",Belt Conveyor,,,,,,,,,,,,,,Konveyor sabuk (belt conveyor),,,,,,,,,,,,,,,,,,,,,Bandvervoerder（belt conveyor）,
かけや,Wooden Mallet (Kakeya),,,,,,,,,,,,,,Palu kayu (kakeya),,,,,,,,,,,,,,,,,,,,,Houthamer（kakeya）,
ランマ,Hand Tamping Rammer,,,,,,,,,,,,,,Pemadat tangan (rammer),,,,,,,,,,,,,,,,,,,,,,
自在クランプ,Swivel Clamp,,,,,,,,,,,,,,Klem putar (swivel clamp),,,,,,,,,,,,,,,,,,,,,,
キャッチクランプ,Catch Clamp,,,,,,,,,,,,,,Klem pengait,,,,,,,,,,,,,,,,,,,,,,
吊り上げ用クランプ,Lifting Clamp,,,,,,,,,,,,,,Klem pengangkat,,,,,,,,,,,,,,,,,,,,,,
直交クランプ,Right-angle Clamp,,,,,,,,,,,,,,Klem siku / tegak lurus,,,,,,,,,,,,,,,,,,,,,,
フック,Hook,,,,,,,,,,,,,,Kait,,,,,,,,,,,,,,,,,,,,,,
ストレートシャックル,Straight Shackle,,,,,,,,,,,,,,Shackle lurus,,,,,,,,,,,,,,,,,,,,,,
滑車,Block / Pulley,,,,,,,,,,,,,,Katrol (pulley),,,,,,,,,,,,,,,,,,,,,,
クレーン,Crane,,,,,,,,,,,,,,Kren (crane),,,,,,,,,,,,,,,,,,,,,,
移動式クレーン,Mobile Crane,,,,,,,,,,,,,,Mobile crane,,,,,,,,,,,,,,,,,,,,,,
介しゃくロープ,Tag line rope,,,,,,,,,,,,,,Tali pemandu (tag line),,,,,,,,,,,,,,,,,,,,,,
昇降階段,Access Stairs,,,,,,,,,,,,,,Tangga naik-turun,,,,,,,,,,,,,,,,,,,,,,
筋かい止めピン,Brace Pin,,,,,,,,,,,,,,Pin pengikat bracing,,,,,,,,,,,,,,,,,,,,,,
脚柱ジョイント,Post Joint,,,,,,,,,,,,,,Sambungan tiang,,,,,,,,,,,,,,,,,,,,,,
連結ピン,Connection Pin,,,,,,,,,,,,,,Pin penghubung,,,,,,,,,,,,,,,,,,,,,,
ジョイント金具,Joint Fitting,,,,,,,,,,,,,,Fiting sambungan,,,,,,,,,,,,,,,,,,,,,,
レバーブロック,Lever Hoist (Lever Block),,,,,,,,,,,,,,Lever block (takel tuas),,,,,,,,,,,,,,,,,,,,,,
電動のこ（丸のこ）,Circular Saw (Power),,,,,,,,,,,,,,Gergaji bundar listrik,,,,,,,,,,,,,,,,,,,,,,
モンキースパナ,Adjustable Wrench,,,,,,,,,,,,,,Kunci inggris,,,,,,,,,,,,,,,,,,,,,,
親綱支柱,Lifeline Post,,,,,,,,,,,,,,Tiang lifeline,,,,,,,,,,,,,,,,,,,,,,
ブラケット,Bracket,,,,,,,,,,,,,,Braket,,,,,,,,,,,,,,,,,,,,,,
梯子,Ladder,,,,,,,,,,,,,,Tangga,,,,,,,,,,,,,,,,,,,,,,
親綱,Lifeline,,,,,,,,,,,,,,Tali pengaman (lifeline),,,,,,,,,,,,,,,,,,,,,,
建枠（ビティ）,Frame Scaffold (Kenwaku),,,,,,,,,,,,,,Rangka perancah (frame scaffold),,,,,,,,,,,,,,,,,,,,,,
メッシュシート,Mesh Sheet (Net),,,,,,,,,,,,,,Jaring pelindung (mesh sheet),,,,,,,,,,,,,,,,,,,,,,
防音パネル,Soundproof Panel,,,,,,,,,,,,,,Panel peredam suara,,,,,,,,,,,,,,,,,,,,,,
朝顔材,Canopy Bracket (Debris Net Support),,,,,,,,,,,,,,Kanopi pelindung (asagao),,,,,,,,,,,,,,,,,,,,,,
架空線,Overhead Line,,,,,,,,,,,,,,Kabel udara,,,,,,,,,,,,,,,,,,,,,,
幅木（仮設足場）,Toe Board (Scaffold),,,,,,,,,,,,,,Papan tepi perancah (toe board),,,,,,,,,,,,,,,,,,,,,,
単管,Steel Pipe (Single Pipe),,,,,,,,,,,,,,Pipa scaffolding (single pipe),,,,,,,,,,,,,,,,,,,,,,
脚立,Step Ladder,,,,,,,,,,,,,,Tangga lipat,,,,,,,,,,,,,,,,,,,,,,
作業半径,Working Radius,,,,,,,,,,,,,,Jari-jari kerja,,,,,,,,,,,,,,,,,,,,,,
仮ボルト,Temporary Bolt,,,,,,,,,,,,,,Baut sementara,,,,,,,,,,,,,,,,,,,,,,
手直し,Rework / Touch-up,,,,,,,,,,,,,,Rework / Perbaikan kecil,,,,,,,,,,,,,,,,,,,,,,
面一,Flush (Surface level),,,,,,,,,,,,,,Rata permukaan (flush),,,,,,,,,,,,,,,,,,,,,,
点検事項,Inspection Items,,,,,,,,,,,,,,Item pemeriksaan,,,,,,,,,,,,,,,,,,,,,,
積載荷重,Load Capacity,,,,,,,,,,,,,,Beban muatan,,,,,,,,,,,,,,,,,,,,,,
すき間,Gap,,,,,,,,,,,,,,Celah,,,,,,,,,,,,,,,,,,,,,,
通りを見る,Check alignment,,,,,,,,,,,,,,Memeriksa kelurusan,,,,,,,,,,,,,,,,,,,,,,
組立,Assembly / Erection,,,,,,,,,,,,,,Perakitan / Pemasangan,,,,,,,,,,,,,,,,,,,,,,
地組,Ground Assembly,,,,,,,,,,,,,,Perakitan di tanah,,,,,,,,,,,,,,,,,,,,,,
天端,Top Level / Top Surface,,,,,,,,,,,,,,Permukaan atas (top level),,,,,,,,,,,,,,,,,,,,,,
玉掛け,Slinging / Rigging,,,,,,,,,,,,,,Pengikatan beban (slinging),,,,,,,,,,,,,,,,,,,,,,
合図,Signal,,,,,,,,,,,,,,Isyarat,,,,,,,,,,,,,,,,,,,,,,
定格荷重,Rated Load,,,,,,,,,,,,,,Kapasitas nominal,,,,,,,,,,,,,,,,,,,,,,
たち,Plumb / Verticality,,,,,,,,,,,,,,Plumb / Ketegakan,,,,,,,,,,,,,,,,,,,,,,
職長,Foreman,,,,,,,,,,,,,,Mandor,,,,,,,,,,,,,,,,,,,,,,
安全カバー,Safety Cover / Guard,,,,,,,,,,,,,,Penutup pengaman,,,,,,,,,,,,,,,,,,,,,,
安全帯,Safety Belt / Harness,,,,,,,,,,,,,,Sabuk/ harness keselamatan,,,,,,,,,,,,,,,,,,,,,,
インサート,Insert,,,,,,,,,,,,,,Insert / angkur tanam,,,,,,,,,,,,,,,,,,,,,,
スペーサ,Spacer,,,,,,,,,,,,,,Spacer,,,,,,,,,,,,,,,,,,,,,,
鉄筋,Rebar / Reinforcing Bar,,,,,,,,,,,,,,Besi tulangan (rebar),,,,,,,,,,,,,,,,,,,,,,
電工ドラム（ドラム）,Cable Reel / Extension Reel,,,,,,,,,,,,,,Gulungan kabel listrik,,,,,,,,,,,,,,,,,,,,,,
電動丸のこ（電のこ）,Circular Saw (Power),,,,,,,,,,,,,,Gergaji bundar listrik,,,,,,,,,,,,,,,,,,,,,,
パッキン,Packing / Gasket,,,,,,,,,,,,,,Paking / Gasket,,,,,,,,,,,,,,,,,,,,,,
小バール,Small Pry Bar,,,,,,,,,,,,,,Linggis kecil,,,,,,,,,,,,,,,,,,,,,,
大バール,Large Pry Bar,,,,,,,,,,,,,,Linggis besar,,,,,,,,,,,,,,,,,,,,,,
化粧合板,Decorative Plywood,,,,,,,,,,,,,,Plywood dekoratif,,,,,,,,,,,,,,,,,,,,,,
普通合板,Standard Plywood,,,,,,,,,,,,,,Plywood standar,,,,,,,,,,,,,,,,,,,,,,
スタイロフォーム,Extruded Polystyrene Foam,,,,,,,,,,,,,,Styrofoam (XPS/EPS),,,,,,,,,,,,,,,,,,,,,,
面木,Chamfer Strip,,,,,,,,,,,,,,Bilah chamfer,,,,,,,,,,,,,,,,,,,,,,
バイブレーター,Concrete Vibrator,,,,,,,,,,,,,,Vibrator beton,,,,,,,,,,,,,,,,,,,,,,
剥離剤,Release Agent,,,,,,,,,,,,,,Agen pelepas (release agent),,,,,,,,,,,,,,,,,,,,,,
けこみ板,Riser Board,,,,,,,,,,,,,,Papan riser (tangga),,,,,,,,,,,,,,,,,,,,,,
目地棒,Joint Rod / Dowel,,,,,,,,,,,,,,Batang nat (joint rod),,,,,,,,,,,,,,,,,,,,,,
コンクリート,Concrete,,,,,,,,,,,,,,Beton,,,,,,,,,,,,,,,,,,,,,,
コンベックス,Tape Measure (Convex),,,,,,,,,,,,,,Meteran gulung,,,,,,,,,,,,,,,,,,,,,,
作業用手袋,Work Gloves,,,,,,,,,,,,,,Sarung tangan kerja,,,,,,,,,,,,,,,,,,,,,,
差金,Carpenter’s Square,,,,,,,,,,,,,,Penggaris siku tukang,,,,,,,,,,,,,,,,,,,,,,
水平器,Level,,,,,,,,,,,,,,Waterpass,,,,,,,,,,,,,,,,,,,,,,
墨さし,Ink Marker / Ink Brush,,,,,,,,,,,,,,Alat penanda tinta,,,,,,,,,,,,,,,,,,,,,,
墨つぼ,Chalk Line / Inkpot,,,,,,,,,,,,,,Alat garis tinta (chalk line),,,,,,,,,,,,,,,,,,,,,,
"丸セパレーター
（丸セパ）",Round Separator (Spacer),,,,,,,,,,,,,,Separator bulat,,,,,,,,,,,,,,,,,,,,,,
天端釘,Leveling Nail / Top-level Nail,,,,,,,,,,,,,,Paku penentu level,,,,,,,,,,,,,,,,,,,,,,
ケレン,Chipping / Scraping (Keren),,,,,,,,,,,,,,Pengerokan/pembersihan (keren),,,,,,,,,,,,,,,,,,,,,,
型枠支保工,Formwork Support,,,,,,,,,,,,,,Penyangga bekisting,,,,,,,,,,,,,,,,,,,,,,
"基礎型枠
（メタルフォーム）",Foundation Form (Metal Form),,,,,,,,,,,,,,Bekisting pondasi (metal form),,,,,,,,,,,,,,,,,,,,,,
釘仕舞い,Nail Finishing / Nail Set,,,,,,,,,,,,,,Perapian paku,,,,,,,,,,,,,,,,,,,,,,
スラブ天端,Slab Top Level,,,,,,,,,,,,,,Level atas slab,,,,,,,,,,,,,,,,,,,,,,
高さ（タッパ）,Height,,,,,,,,,,,,,,Ketinggian,,,,,,,,,,,,,,,,,,,,,,
建込み,Setting / Installation,,,,,,,,,,,,,,Pemasangan,,,,,,,,,,,,,,,,,,,,,,
通り,Line / Alignment,,,,,,,,,,,,,,Garis / Kelurusan,,,,,,,,,,,,,,,,,,,,,,
蹴上げ,Riser (Stair),,,,,,,,,,,,,,Riser (tangga),,,,,,,,,,,,,,,,,,,,,,
蹴込み,Tread Nose / Kick-in board,,,,,,,,,,,,,,Bidang injak (tread),,,,,,,,,,,,,,,,,,,,,,
工具の手入れ,Tool Maintenance,,,,,,,,,,,,,,Perawatan alat,,,,,,,,,,,,,,,,,,,,,,
下げ振り,Plumb Bob,,,,,,,,,,,,,,Bandul unting-unting (plumb bob),,,,,,,,,,,,,,,,,,,,,,
地墨,Benchmark Line / Ground Mark,,,,,,,,,,,,,,Garis acuan tanah,,,,,,,,,,,,,,,,,,,,,,
捨てコンクリート,Blinding Concrete,,,,,,,,,,,,,,Beton lantai kerja,,,,,,,,,,,,,,,,,,,,,,
はね出し,Overhang / Cantilever,,,,,,,,,,,,,,Kantilever,,,,,,,,,,,,,,,,,,,,,,
はらみ,Bulging,,,,,,,,,,,,,,Menggembung (bulging),,,,,,,,,,,,,,,,,,,,,,
前面,Front / Facing,,,,,,,,,,,,,,Bagian depan,,,,,,,,,,,,,,,,,,,,,,
養生,Protection / Curing,,,,,,,,,,,,,,Proteksi / curing,,,,,,,,,,,,,,,,,,,,,,
レベル,Level,,,,,,,,,,,,,,Level,,,,,,,,,,,,,,,,,,,,,,
割付,Layout / Spacing,,,,,,,,,,,,,,Pembagian / Layout,,,,,,,,,,,,,,,,,,,,,,
埋め込み金物,Embedded Metal Fittings,,,,,,,,,,,,,,Angkur/besi tanam,,,,,,,,,,,,,,,,,,,,,,
解体する（バラス）,Dismantle / Take down,,,,,,,,,,,,,,Membongkar,,,,,,,,,,,,,,,,,,,,,,
かぶり寸法,Concrete Cover Thickness,,,,,,,,,,,,,,Tebal selimut beton,,,,,,,,,,,,,,,,,,,,,,
異形棒鋼,Deformed Bar,,,,,,,,,,,,,,Besi ulir (deformed bar),,,,,,,,,,,,,,,,,,,,,,
結束線,Tie Wire,,,,,,,,,,,,,,Kawat ikat,,,,,,,,,,,,,,,,,,,,,,
結束工具,Tying Tool / Twister,,,,,,,,,,,,,,Alat pengikat,,,,,,,,,,,,,,,,,,,,,,
鉄筋切断機,Rebar Cutter,,,,,,,,,,,,,,Pemotong tulangan,,,,,,,,,,,,,,,,,,,,,,
鉄筋曲げ加工機,Rebar Bender,,,,,,,,,,,,,,Pembengkok tulangan,,,,,,,,,,,,,,,,,,,,,,
フック,Hook,,,,,,,,,,,,,,Kait,,,,,,,,,,,,,,,,,,,,,,
保護帽（ヘルメット）,Safety Helmet,,,,,,,,,,,,,,Helm keselamatan,,,,,,,,,,,,,,,,,,,,,,
アンカー,Anchor,,,,,,,,,,,,,,Angkur (anchor),,,,,,,,,,,,,,,,,,,,,,
加工場,Fabrication Yard,,,,,,,,,,,,,,Bengkel fabrikasi,,,,,,,,,,,,,,,,,,,,,,
スペーサ―,Spacer,,,,,,,,,,,,,,Spacer,,,,,,,,,,,,,,,,,,,,,,
ドーナツ,Donut Spacer,,,,,,,,,,,,,,Spacer donat,,,,,,,,,,,,,,,,,,,,,,
加工配筋図,Rebar Fabrication Drawing,,,,,,,,,,,,,,Gambar fabrikasi tulangan,,,,,,,,,,,,,,,,,,,,,,
配筋詳細図,Rebar Detail Drawing,,,,,,,,,,,,,,Gambar detail penulangan,,,,,,,,,,,,,,,,,,,,,,
開口補強筋,Opening Reinforcement,,,,,,,,,,,,,,Tulangan penguat bukaan,,,,,,,,,,,,,,,,,,,,,,
幅止め筋,Spacer Bar (Width Keeper),,,,,,,,,,,,,,Batang pembatas lebar,,,,,,,,,,,,,,,,,,,,,,
差筋,Dowel Bar,,,,,,,,,,,,,,Dowel bar,,,,,,,,,,,,,,,,,,,,,,
柱主筋,Main Column Bar,,,,,,,,,,,,,,Tulangan utama kolom,,,,,,,,,,,,,,,,,,,,,,
柱配筋,Column Reinforcement,,,,,,,,,,,,,,Penulangan kolom,,,,,,,,,,,,,,,,,,,,,,
スラブ筋,Slab Reinforcement,,,,,,,,,,,,,,Tulangan pelat (slab),,,,,,,,,,,,,,,,,,,,,,
ベース筋,Footing Reinforcement,,,,,,,,,,,,,,Tulangan pondasi,,,,,,,,,,,,,,,,,,,,,,
帯筋（フープ）,Hoop / Tie,,,,,,,,,,,,,,Sengkang (hoop),,,,,,,,,,,,,,,,,,,,,,
下端筋,Bottom Bar,,,,,,,,,,,,,,Tulangan bawah,,,,,,,,,,,,,,,,,,,,,,
上端筋,Top Bar,,,,,,,,,,,,,,Tulangan atas,,,,,,,,,,,,,,,,,,,,,,
主筋,Main Bar,,,,,,,,,,,,,,Tulangan utama,,,,,,,,,,,,,,,,,,,,,,
あばら筋,Stirrup,,,,,,,,,,,,,,Sengkang / Stirrup,,,,,,,,,,,,,,,,,,,,,,
はかま筋,Haunch Bar,,,,,,,,,,,,,,Tulangan haunch,,,,,,,,,,,,,,,,,,,,,,
縦筋,Longitudinal Bar,,,,,,,,,,,,,,Tulangan memanjang,,,,,,,,,,,,,,,,,,,,,,
下筋,Lower Bar,,,,,,,,,,,,,,Tulangan bawah,,,,,,,,,,,,,,,,,,,,,,
横筋,Transverse Bar,,,,,,,,,,,,,,Tulangan melintang,,,,,,,,,,,,,,,,,,,,,,
腹筋,Distribution Bar (Web bar),,,,,,,,,,,,,,Tulangan badan (web),,,,,,,,,,,,,,,,,,,,,,
配力筋,Distribution Reinforcement,,,,,,,,,,,,,,Tulangan distribusi,,,,,,,,,,,,,,,,,,,,,,
上筋,Upper Bar,,,,,,,,,,,,,,Tulangan atas,,,,,,,,,,,,,,,,,,,,,,
スパイラル筋,Spiral Reinforcement,,,,,,,,,,,,,,Tulangan spiral,,,,,,,,,,,,,,,,,,,,,,
鉄筋径,Rebar Diameter,,,,,,,,,,,,,,Diameter tulangan,,,,,,,,,,,,,,,,,,,,,,
かぶり厚さ,Cover Thickness,,,,,,,,,,,,,,Tebal selimut,,,,,,,,,,,,,,,,,,,,,,
ℝ度,R (Radius) size,,,,,,,,,,,,,,Ukuran R (radius),,,,,,,,,,,,,,,,,,,,,,
シングル,Single,,,,,,,,,,,,,,Tunggal,,,,,,,,,,,,,,,,,,,,,,
ダブル,Double,,,,,,,,,,,,,,Ganda,,,,,,,,,,,,,,,,,,,,,,
千鳥結束,Staggered Tying,,,,,,,,,,,,,,Ikatan selang-seling,,,,,,,,,,,,,,,,,,,,,,
切断寸法,Cut Length,,,,,,,,,,,,,,Panjang potong,,,,,,,,,,,,,,,,,,,,,,
加工寸法,Fabrication Length,,,,,,,,,,,,,,Ukuran fabrikasi,,,,,,,,,,,,,,,,,,,,,,
重ね継手,Lap Splice,,,,,,,,,,,,,,Sambungan tumpang-tindih (lap splice),,,,,,,,,,,,,,,,,,,,,,
圧接継手,Pressure Welded Splice,,,,,,,,,,,,,,Sambungan tekan/las tekan,,,,,,,,,,,,,,,,,,,,,,
開口部,Opening,,,,,,,,,,,,,,Bukaan,,,,,,,,,,,,,,,,,,,,,,
溶接金網,Welded Wire Mesh,,,,,,,,,,,,,,Wire mesh (jaring kawat las),,,,,,,,,,,,,,,,,,,,,,
搬出,Carry out / Ship out,,,,,,,,,,,,,,Mengeluarkan / Kirim keluar,,,,,,,,,,,,,,,,,,,,,,
搬入,Bring in / Delivery,,,,,,,,,,,,,,Memasukkan / Kirim masuk,,,,,,,,,,,,,,,,,,,,,,
基礎,Foundation,,,,,,,,,,,,,,Pondasi,,,,,,,,,,,,,,,,,,,,,,
機械式継手,Mechanical Splice,,,,,,,,,,,,,,Sambungan mekanis,,,,,,,,,,,,,,,,,,,,,,
配筋検査,Rebar Inspection,,,,,,,,,,,,,,Pemeriksaan penulangan,,,,,,,,,,,,,,,,,,,,,,
トラクタ,Tractor,,,,,,,,,,,,,,Traktor,,,,,,,,,,,,,,,,,,,,,,
ブルドーザ,Bulldozer,,,,,,,,,,,,,,Bulldozer,,,,,,,,,,,,,,,,,,,,,,
トラクタショベル,Track Loader,,,,,,,,,,,,,,Traktor shovel,,,,,,,,,,,,,,,,,,,,,,
ホイルローダ,Wheel Loader,,,,,,,,,,,,,,Wheel loader,,,,,,,,,,,,,,,,,,,,,,
ダンプトラック,Dump Truck,,,,,,,,,,,,,,Dump truk,,,,,,,,,,,,,,,,,,,,,,
油圧ショベル,Hydraulic Excavator,,,,,,,,,,,,,,Excavator hidraulik,,,,,,,,,,,,,,,,,,,,,,
バックホウ,Backhoe,,,,,,,,,,,,,,Backhoe,,,,,,,,,,,,,,,,,,,,,,
ローディングショベル,Loading Shovel,,,,,,,,,,,,,,Loading shovel,,,,,,,,,,,,,,,,,,,,,,
ローラ,Roller,,,,,,,,,,,,,,Roller,,,,,,,,,,,,,,,,,,,,,,
バケット,Bucket,,,,,,,,,,,,,,Bucket,,,,,,,,,,,,,,,,,,,,,,
ブーム,Boom,,,,,,,,,,,,,,Boom,,,,,,,,,,,,,,,,,,,,,,
アーム,Arm,,,,,,,,,,,,,,Arm,,,,,,,,,,,,,,,,,,,,,,
ブレード（排土板）,Blade (Dozer blade),,,,,,,,,,,,,,Blade (dozer),,,,,,,,,,,,,,,,,,,,,,
タイヤ,Tire,,,,,,,,,,,,,,Ban,,,,,,,,,,,,,,,,,,,,,,
クローラ,Track / Crawler,,,,,,,,,,,,,,Track / Rantai,,,,,,,,,,,,,,,,,,,,,,
キー（鍵）,Key,,,,,,,,,,,,,,Kunci,,,,,,,,,,,,,,,,,,,,,,
"作業装置
（アタッチメント）",Attachment,,,,,,,,,,,,,,Peralatan kerja (attachment),,,,,,,,,,,,,,,,,,,,,,
エンジン,Engine,,,,,,,,,,,,,,Engine,,,,,,,,,,,,,,,,,,,,,,
ディーゼルエンジン,Diesel Engine,,,,,,,,,,,,,,Mesin diesel,,,,,,,,,,,,,,,,,,,,,,
エンジンオイル,Engine Oil,,,,,,,,,,,,,,Oli mesin,,,,,,,,,,,,,,,,,,,,,,
"オルタネータ
（充電発電機）",Alternator,,,,,,,,,,,,,,Alternator,,,,,,,,,,,,,,,,,,,,,,
バッテリ,Battery,,,,,,,,,,,,,,Baterai,,,,,,,,,,,,,,,,,,,,,,
燃料,Fuel,,,,,,,,,,,,,,Bahan bakar,,,,,,,,,,,,,,,,,,,,,,
軽油,Diesel Fuel,,,,,,,,,,,,,,Solar (diesel),,,,,,,,,,,,,,,,,,,,,,
ブレーキ,Brake,,,,,,,,,,,,,,Rem,,,,,,,,,,,,,,,,,,,,,,
油圧シリンダ,Hydraulic Cylinder,,,,,,,,,,,,,,Silinder hidrolik,,,,,,,,,,,,,,,,,,,,,,
油圧モータ,Hydraulic Motor,,,,,,,,,,,,,,Motor hidrolik,,,,,,,,,,,,,,,,,,,,,,
油圧ポンプ,Hydraulic Pump,,,,,,,,,,,,,,Pompa hidrolik,,,,,,,,,,,,,,,,,,,,,,
水漏れ,Water Leak,,,,,,,,,,,,,,Bocor air,,,,,,,,,,,,,,,,,,,,,,
油漏れ,Oil Leak,,,,,,,,,,,,,,Bocor oli,,,,,,,,,,,,,,,,,,,,,,
冷却水,Coolant,,,,,,,,,,,,,,Cairan pendingin,,,,,,,,,,,,,,,,,,,,,,
ブレーキ液,Brake Fluid,,,,,,,,,,,,,,Minyak rem,,,,,,,,,,,,,,,,,,,,,,
燃料タンク,Fuel Tank,,,,,,,,,,,,,,Tangki bahan bakar,,,,,,,,,,,,,,,,,,,,,,
ファンベルト,Fan Belt,,,,,,,,,,,,,,Tali kipas,,,,,,,,,,,,,,,,,,,,,,
空気圧,Air Pressure,,,,,,,,,,,,,,Tekanan udara,,,,,,,,,,,,,,,,,,,,,,
クラッチ,Clutch,,,,,,,,,,,,,,Kopling,,,,,,,,,,,,,,,,,,,,,,
発進,Start (move off),,,,,,,,,,,,,,Mulai berjalan,,,,,,,,,,,,,,,,,,,,,,
ブレーキ,Brake,,,,,,,,,,,,,,Rem,,,,,,,,,,,,,,,,,,,,,,
アイドリング,Idling,,,,,,,,,,,,,,Idle,,,,,,,,,,,,,,,,,,,,,,
走行,Travel / Driving,,,,,,,,,,,,,,Berjalan / Mengemudi,,,,,,,,,,,,,,,,,,,,,,
旋回,Swing / Turning,,,,,,,,,,,,,,Berputar / Menoleh (swing),,,,,,,,,,,,,,,,,,,,,,
安全ロック,Safety Lock,,,,,,,,,,,,,,Kunci pengaman,,,,,,,,,,,,,,,,,,,,,,
安全支柱,Safety Prop / Support,,,,,,,,,,,,,,Penopang pengaman,,,,,,,,,,,,,,,,,,,,,,
補給（する）,Refill / Replenish,,,,,,,,,,,,,,Mengisi / Menambah,,,,,,,,,,,,,,,,,,,,,,
駐車（する）,Park / Parking,,,,,,,,,,,,,,Parkir,,,,,,,,,,,,,,,,,,,,,,
歩行者,Pedestrian,,,,,,,,,,,,,,Pejalan kaki,,,,,,,,,,,,,,,,,,,,,,
車両,Vehicle,,,,,,,,,,,,,,Kendaraan,,,,,,,,,,,,,,,,,,,,,,
死ℝ,Blind Spot,,,,,,,,,,,,,,Titik buta (blind spot),,,,,,,,,,,,,,,,,,,,,,
斜面,Slope,,,,,,,,,,,,,,Lereng,,,,,,,,,,,,,,,,,,,,,,
転圧（する）,Compaction / Compact,,,,,,,,,,,,,,Pemadatan,,,,,,,,,,,,,,,,,,,,,,
接触（する）,Contact / Touch,,,,,,,,,,,,,,Bersentuhan / Kontak,,,,,,,,,,,,,,,,,,,,,,
作動（する）,Operate / Operation,,,,,,,,,,,,,,Beroperasi,,,,,,,,,,,,,,,,,,,,,,
整備（する）,Servicing / Maintenance,,,,,,,,,,,,,,Perawatan / Servis,,,,,,,,,,,,,,,,,,,,,,
点検（する）,Inspect / Inspection,,,,,,,,,,,,,,Inspeksi / Pemeriksaan,,,,,,,,,,,,,,,,,,,,,,
動かす,Move / Operate,,,,,,,,,,,,,,Menggerakkan,,,,,,,,,,,,,,,,,,,,,,
運転（する）,Operate / Drive,,,,,,,,,,,,,,Mengoperasikan / Mengemudi,,,,,,,,,,,,,,,,,,,,,,
測る,Measure,,,,,,,,,,,,,,Mengukur,,,,,,,,,,,,,,,,,,,,,,
操作（する）,Operate / Operation,,,,,,,,,,,,,,Mengoperasikan,,,,,,,,,,,,,,,,,,,,,,
停止（する）,Stop / Halt,,,,,,,,,,,,,,Berhenti / Menghentikan,,,,,,,,,,,,,,,,,,,,,,
切る,Cut / Turn off,,,,,,,,,,,,,,Memotong / Mematikan,,,,,,,,,,,,,,,,,,,,,,
回す,Turn / Rotate,,,,,,,,,,,,,,Memutar,,,,,,,,,,,,,,,,,,,,,,
押す,Push / Press,,,,,,,,,,,,,,Menekan,,,,,,,,,,,,,,,,,,,,,,
集める,Gather / Collect,,,,,,,,,,,,,,Mengumpulkan,,,,,,,,,,,,,,,,,,,,,,
触る,Touch,,,,,,,,,,,,,,Menyentuh,,,,,,,,,,,,,,,,,,,,,,
縛る,Tie / Bind,,,,,,,,,,,,,,Mengikat,,,,,,,,,,,,,,,,,,,,,,
揃える,Align / Arrange,,,,,,,,,,,,,,Meratakan / Menyelaraskan,,,,,,,,,,,,,,,,,,,,,,
結ぶ,Tie / Knot,,,,,,,,,,,,,,Mengikat,,,,,,,,,,,,,,,,,,,,,,
しゃがむ,Squat,,,,,,,,,,,,,,Jongkok,,,,,,,,,,,,,,,,,,,,,,
調整（する）,Adjust / Adjustment,,,,,,,,,,,,,,Penyesuaian / Menyesuaikan,,,,,,,,,,,,,,,,,,,,,,
閉じる,Close / Shut,,,,,,,,,,,,,,Menutup,,,,,,,,,,,,,,,,,,,,,,
取り出す,Take out,,,,,,,,,,,,,,Mengeluarkan,,,,,,,,,,,,,,,,,,,,,,
戻す,Return / Put back,,,,,,,,,,,,,,Mengembalikan,,,,,,,,,,,,,,,,,,,,,,
仕上げる,Finish,,,,,,,,,,,,,,Menyelesaikan (finishing),,,,,,,,,,,,,,,,,,,,,,
折れる,Break / Snap,,,,,,,,,,,,,,Patah,,,,,,,,,,,,,,,,,,,,,,
欠ける,Chip / Be chipped,,,,,,,,,,,,,,Terkelupas / Terkikis,,,,,,,,,,,,,,,,,,,,,,
近づく,Approach,,,,,,,,,,,,,,Mendekat,,,,,,,,,,,,,,,,,,,,,,
電源を入れる,Turn on the power,,,,,,,,,,,,,,Menyalakan daya,,,,,,,,,,,,,,,,,,,,,,
電源を落とす,Shut down the power,,,,,,,,,,,,,,Mematikan daya,,,,,,,,,,,,,,,,,,,,,,
スイッチを切る,Turn off the switch,,,,,,,,,,,,,,Mematikan sakelar,,,,,,,,,,,,,,,,,,,,,,
固定（する）,Fix / Secure,,,,,,,,,,,,,,Memfiksasi / Mengencangkan,,,,,,,,,,,,,,,,,,,,,,
ゆるめる,Loosen,,,,,,,,,,,,,,Mengendurkan,,,,,,,,,,,,,,,,,,,,,,
伸ばす,Extend / Stretch,,,,,,,,,,,,,,Memanjangkan / Meregangkan,,,,,,,,,,,,,,,,,,,,,,
外す,Remove,,,,,,,,,,,,,,Melepas,,,,,,,,,,,,,,,,,,,,,,
曲げる,Bend,,,,,,,,,,,,,,Membengkokkan,,,,,,,,,,,,,,,,,,,,,,
出す,Put out / Take out,,,,,,,,,,,,,,Mengeluarkan,,,,,,,,,,,,,,,,,,,,,,
乾かす,Dry,,,,,,,,,,,,,,Mengeringkan,,,,,,,,,,,,,,,,,,,,,,
数える,Count,,,,,,,,,,,,,,Menghitung,,,,,,,,,,,,,,,,,,,,,,
運ぶ,Carry / Transport,,,,,,,,,,,,,,Mengangkut,,,,,,,,,,,,,,,,,,,,,,
積む,Load / Stack,,,,,,,,,,,,,,Memuat / Menumpuk,,,,,,,,,,,,,,,,,,,,,,
下ろす,Unload / Lower,,,,,,,,,,,,,,Menurunkan / Membongkar,,,,,,,,,,,,,,,,,,,,,,
離れる,Move away / Leave,,,,,,,,,,,,,,Menjauh / Meninggalkan,,,,,,,,,,,,,,,,,,,,,,
位置,Position,,,,,,,,,,,,,,Posisi,,,,,,,,,,,,,,,,,,,,,,
寸法,Dimension,,,,,,,,,,,,,,Dimensi,,,,,,,,,,,,,,,,,,,,,,
測定（する）,Measurement / Measure,,,,,,,,,,,,,,Pengukuran / Mengukur,,,,,,,,,,,,,,,,,,,,,,
計測（する）,Measurement / Measure,,,,,,,,,,,,,,Pengukuran,,,,,,,,,,,,,,,,,,,,,,
計測器,Measuring Instrument,,,,,,,,,,,,,,Alat ukur,,,,,,,,,,,,,,,,,,,,,,
温度,Temperature,,,,,,,,,,,,,,Suhu,,,,,,,,,,,,,,,,,,,,,,
高さ,Height,,,,,,,,,,,,,,Tinggi,,,,,,,,,,,,,,,,,,,,,,
長さ,Length,,,,,,,,,,,,,,Panjang,,,,,,,,,,,,,,,,,,,,,,
重さ,Weight,,,,,,,,,,,,,,Berat,,,,,,,,,,,,,,,,,,,,,,
厚さ,Thickness,,,,,,,,,,,,,,Ketebalan,,,,,,,,,,,,,,,,,,,,,,
硬さ,Hardness,,,,,,,,,,,,,,Kekerasan,,,,,,,,,,,,,,,,,,,,,,
深さ,Depth,,,,,,,,,,,,,,Kedalaman,,,,,,,,,,,,,,,,,,,,,,
表面,Surface,,,,,,,,,,,,,,Permukaan,,,,,,,,,,,,,,,,,,,,,,
すきま,Gap / Clearance,,,,,,,,,,,,,,Celah / Kelonggaran,,,,,,,,,,,,,,,,,,,,,,
中心,Center,,,,,,,,,,,,,,Pusat,,,,,,,,,,,,,,,,,,,,,,
値,Value,,,,,,,,,,,,,,Nilai,,,,,,,,,,,,,,,,,,,,,,
安定（する）,Stability / Stabilize,,,,,,,,,,,,,,Stabil / Menjadi stabil,,,,,,,,,,,,,,,,,,,,,,
大きさ,Size,,,,,,,,,,,,,,Ukuran,,,,,,,,,,,,,,,,,,,,,,
数,Number / Quantity,,,,,,,,,,,,,,Jumlah,,,,,,,,,,,,,,,,,,,,,,
誤差,Error / Tolerance,,,,,,,,,,,,,,Galat / Toleransi,,,,,,,,,,,,,,,,,,,,,,
中,Inside / Middle,,,,,,,,,,,,,,Dalam / Tengah,,,,,,,,,,,,,,,,,,,,,,
反対,Opposite,,,,,,,,,,,,,,Berlawanan,,,,,,,,,,,,,,,,,,,,,,
周り,Periphery / Around,,,,,,,,,,,,,,Sekitar,,,,,,,,,,,,,,,,,,,,,,
尺,Shaku (traditional unit) / Length,,,,,,,,,,,,,,Shaku (satuan Jepang),,,,,,,,,,,,,,,,,,,,,,
青,Blue,,,,,,,,,,,,,,Biru,,,,,,,,,,,,,,,,,,,,,,
赤,Red,,,,,,,,,,,,,,Merah,,,,,,,,,,,,,,,,,,,,,,
白,White,,,,,,,,,,,,,,Putih,,,,,,,,,,,,,,,,,,,,,,
黄色,Yellow,,,,,,,,,,,,,,Kuning,,,,,,,,,,,,,,,,,,,,,,
片づける,Tidy up,,,,,,,,,,,,,,Bereskan / Rapikan,,,,,,,,,,,,,,,,,,,,,,
捨てる,Dispose / Throw away,,,,,,,,,,,,,,Buang,,,,,,,,,,,,,,,,,,,,,,
掃く,Sweep,,,,,,,,,,,,,,Menyapu,,,,,,,,,,,,,,,,,,,,,,
持ち上げる,Lift,,,,,,,,,,,,,,Mengangkat,,,,,,,,,,,,,,,,,,,,,,
束ねる,Bundle,,,,,,,,,,,,,,Membundel / Mengikat jadi satu,,,,,,,,,,,,,,,,,,,,,,
足をくじく,Sprain one’s ankle,,,,,,,,,,,,,,Terkilir pergelangan kaki,,,,,,,,,,,,,,,,,,,,,,
一輪車,Wheelbarrow,,,,,,,,,,,,,,Gerobak satu roda (wheelbarrow),,,,,,,,,,,,,,,,,,,,,,
支柱,Post / Support,,,,,,,,,,,,,,Tiang penyangga,,,,,,,,,,,,,,,,,,,,,,
ショベル,Shovel,,,,,,,,,,,,,,Sekop,,,,,,,,,,,,,,,,,,,,,,
かけや,Wooden Mallet (Kakeya),,,,,,,,,,,,,,Palu kayu (kakeya),,,,,,,,,,,,,,,,,,,,,,
